{
    "Llama2": {
        "GPTQ-4": 13.2128,
        "BNB-4": 0.0,
        "BNB-8": 0.0,
        "BF16": 0.3017
    },
    "Mistral": {
        "GPTQ-4": 0,
        "BNB-4": 0.0,
        "BNB-8": 0.29417761504774215,
        "BF16": 0.2942
    },
    "Gemma": {
        "GPTQ-4": 3.0816106383381383,
        "BNB-4": 0.29205907146454196,
        "BNB-8": 0.29205907146454196,
        "BF16": 0.2921
    },
    "OPT": {
        "GPTQ-4": 8.07864853497827,
        "BNB-4": 0.2827846125912149,
        "BNB-8": 0.2827846125912149,
        "BF16": 0.2828
    }
}